ptnum, x, y
 0, -8009453.8166807,  4892888.30727601
 0, -8008336.33929106,  4893004.63600344
 0, -8008065.05797971,  4893180.57061467
 0, -8007995.62282912,  4893408.64798339
 0, -8007920.18474015,  4893424.71117968
 0, -8007641.41868986,  4893484.0696351
 0, -8006880.56946121,  4893324.9343303
 0, -8006164.94419792,  4893043.55082341
 0, -8004401.20642234,  4893246.44533938
 0, -8003934.23199416,  4893080.29775203
 0, -8002192.00699833,  4893317.76078999
 0, -7999762.71192837,  4893371.63248844
 0, -7998035.80238801,  4893495.62566584
 0, -7996946.65101914,  4893524.85293147
 0, -7996669.92899835,  4893451.43598435
 0, -7995715.30391738,  4893424.2591374
 0, -7990891.24477323,  4893453.42145109
 0, -7990318.4451567,  4893795.64164965
 0, -7990566.07619781,  4894157.94738971
 0, -7990551.66374536,  4894414.62037859
 0, -7990062.72201197,  4894618.3479369
 0, -7989254.8619363,  4894636.94543661
 0, -7987975.8639064,  4894757.49469225
 0, -7986751.51699351,  4895673.99788584
 0, -7984718.48610861,  4895928.80575628
 0, -7983561.08769745,  4895965.72586168
 0, -7981038.01719694,  4896465.89440605
 0, -7980229.99171065,  4896407.36159691
 0, -7979632.25060975,  4896364.06838026
 0, -7978173.12023223,  4896110.68605412
 0, -7976295.38697095,  4895898.37078446
 0, -7975038.28196868,  4895822.89927825
 0, -7974045.29563922,  4895651.3653718
 0, -7973658.47083184,  4895524.73129585
 0, -7972917.4997558,  4895118.25378778
 0, -7971754.67675716,  4894658.92254978
 0, -7970978.67140863,  4894436.17739193
 0, -7970289.09576154,  4894320.10443363
 0, -7969320.9969054,  4894012.73241083
 0, -7968090.56485456,  4893514.76412731
 0, -7967262.73422845,  4893537.57364361
 0, -7966951.82270677,  4894060.42205069
 0, -7966986.11832091,  4894321.70298213
 0, -7966770.30857854,  4894464.97100237
 0, -7965891.61856345,  4894393.87815228
 0, -7965195.13660903,  4894103.06787516
 0, -7964629.61411409,  4894522.34980302
 0, -7963093.52101926,  4894698.33692438
 0, -7961451.46258355,  4894206.06059362
 0, -7959166.57691524,  4892714.92789244
 0, -7956830.34833639,  4890896.42379214
 0, -7955384.76393107,  4889924.84634341
 0, -7952945.61233744,  4888648.35858436
 0, -7952078.97847985,  4888512.65073084
 0, -7951548.11812522,  4888702.78001271
 0, -7950447.28654153,  4888234.31946398
 0, -7949748.62482736,  4888350.6383661
 0, -7949323.37267767,  4888678.56777785
 0, -7947215.12171295,  4887242.98256636
 0, -7945301.64003205,  4886357.73444919
 0, -7943271.45919428,  4885752.09163775
 0, -7937980.72928899,  4888915.22164929
 0, -7935402.80321131,  4890878.54054576
 0, -7934504.1623484,  4892148.29802697
 0, -7934491.86736934,  4892352.36926176
 0, -7935119.28636608,  4892348.37747134
 0, -7934596.54393784,  4892837.69537098
 0, -7932067.75361096,  4894160.78920086
 0, -7931603.87826609,  4894533.85927415
 0, -7931746.67597779,  4895571.59880342
 0, -7931019.64136396,  4896109.17618667
 0, -7928588.2534552,  4897011.8469528
 0, -7921000.31027219,  4901680.8639771
 0, -7918016.56534973,  4904300.60428189
 0, -7915695.65322932,  4906162.38062019
 0, -7914238.54788782,  4907129.38442791
 0, -7909292.22784499,  4911504.91969178
 0, -7907044.51523078,  4913780.092939
 0, -7906120.38466739,  4914523.6378329
 0, -7904725.48049405,  4915515.83955457
 0, -7903097.73008375,  4915740.33492452
 0, -7904858.0890601,  4912633.64278383
 0, -7903605.14346669,  4913263.50845751
 0, -7900611.02231488,  4915327.59886806
 0, -7894499.40099223,  4920003.87637333
 0, -7893391.46931079,  4920851.62022828
 0, -7893008.62789704,  4921278.88692146
 0, -7887466.2610548,  4925166.06935709
 0, -7885621.26907325,  4926149.84334867
 0, -7883945.61752846,  4927371.94908271
 0, -7882807.27487324,  4928276.71562035
 0, -7880987.57010645,  4930194.92328823
 0, -7876918.42504984,  4933185.96186586
 0, -7872994.57439347,  4937096.45404638
 0, -7872617.35547108,  4937299.43930384
 0, -7872675.36634592,  4936961.05889739
 0, -7870994.54187613,  4937866.31031358
 0, -7864216.40216559,  4942160.34989303
 0, -7861353.13767874,  4944444.29488754
 0, -7855791.20031871,  4947145.54030507
 0, -7853615.16267607,  4947118.73772386
 0, -7844694.86384825,  4948215.30492672
 0, -7843384.12222605,  4948523.36395074
 0, -7839547.95667607,  4949099.75057899
 0, -7836928.28946917,  4951590.71758881
 0, -7836712.50220817,  4950710.80152939
 0, -7839919.47857535,  4947556.71466683
 0, -7845881.66388679,  4946204.43351733
 0, -7858446.84449298,  4942035.03142112
 0, -7862463.33737988,  4938476.75440758
 0, -7865903.93639404,  4935885.87925131
 0, -7871745.09747971,  4930112.51061126
 0, -7874255.32618978,  4925722.95608154
 0, -7874229.3491724,  4924981.41191563
 0, -7872994.38743021,  4924554.24571492
 0, -7872491.26285271,  4924727.76979281
 0, -7868697.10942244,  4927306.30845083
 0, -7866312.1541288,  4929491.33325397
 0, -7865067.53164464,  4930467.66885264
 0, -7864277.94741104,  4930437.99009491
 0, -7864710.41530532,  4929939.9271013
 0, -7864498.60806342,  4929032.75955704
 0, -7856476.03417747,  4933166.91993653
 0, -7851113.59680542,  4933662.07071789
 0, -7846705.83024494,  4934236.0856192
 0, -7842414.20581441,  4934982.35923564
 0, -7833907.61111851,  4936956.05933273
 0, -7827979.48141075,  4937534.7075718
 0, -7825442.02207283,  4938008.28914054
 0, -7816681.9684912,  4947606.39616701
 0, -7813033.24013154,  4955466.73157697
 0, -7808820.90885206,  4957765.73794922
 0, -7807765.43157509,  4958341.79373003
 0, -7805151.59147547,  4961051.86737016
 0, -7801666.04568157,  4965505.62545229
 0, -7794231.81120371,  4970666.57254686
 0, -7787618.25196756,  4974181.98345461
 0, -7787031.23406118,  4974281.76368269
 0, -7785261.61871481,  4975468.39226466
 0, -7781482.53020879,  4978811.97552832
 0, -7779517.40136616,  4981102.57445432
 0, -7777147.97719778,  4984374.57871817
 0, -7772691.63985024,  4986302.76283071
 0, -7767291.65117371,  4985713.70040574
 0, -7764719.69473816,  4982899.69699301
 0, -7761738.48227559,  4982127.43128328
 0, -7759576.38255266,  4982282.59184624
 0, -7754449.73714093,  4983460.31633625
 0, -7751471.93898133,  4984787.38010568
 0, -7750056.62467828,  4985095.98588024
 0, -7746547.1581736,  4983909.31424439
 0, -7746103.81386438,  4983992.26006914
 0, -7741859.48087891,  4984786.34833711
 0, -7735666.65596098,  4984139.45161677
 0, -7733206.66967315,  4984474.87994613
 0, -7730711.27299099,  4985334.92065828
 0, -7729452.39829703,  4986304.22485112
 0, -7728635.54133365,  4986597.65896189
 0, -7724078.46357739,  4985534.51348492
 0, -7721630.70554122,  4986132.49737407
 0, -7718233.09892172,  4988078.26235067
 0, -7717314.41661922,  4987394.31109788
 0, -7717402.40174976,  4985786.26049363
 0, -7718677.42382737,  4983340.19937105
 0, -7719896.21333895,  4980025.06305378
 0, -7719754.69369614,  4978345.41963204
 0, -7717420.55484599,  4973677.58768469
 0, -7717073.46645063,  4971502.36614382
 0, -7716305.11856496,  4970744.11167111
 0, -7714243.72440133,  4969910.3036936
 0, -7714055.28529256,  4969238.58778544
 0, -7714227.1638819,  4966878.78410834
 0, -7715745.40703682,  4966083.8880966
 0, -7717804.5065537,  4962667.88164369
 0, -7719124.27384401,  4959507.58226792
 0, -7719966.8703803,  4955641.39668181
 0, -7720064.54379358,  4954115.252649
 0, -7719159.32809741,  4951404.57353491
 0, -7717843.9072791,  4949311.7856912
 0, -7715200.95235454,  4947702.95336174
 0, -7712750.19776869,  4947423.76912285
 0, -7710730.44354476,  4947578.10190971
 0, -7706073.27664196,  4946241.26894888
 0, -7705391.47171763,  4945796.45828304
 0, -7701650.37205873,  4945940.31765759
 0, -7700543.8001532,  4946298.93181944
 0, -7698806.67389121,  4945382.58313498
 0, -7698857.5119318,  4942327.19229383
 0, -7698300.95564377,  4941698.48294686
 0, -7696886.27213734,  4942032.06470914
 0, -7694326.73486898,  4943590.55778447
 0, -7696331.53528719,  4939895.94884755
 0, -7699188.71904213,  4935537.64941835
 0, -7702559.53057024,  4929261.2715522
 0, -7704360.30025674,  4923043.5188769
 0, -7703369.39373731,  4921462.29840522
 0, -7698790.75244691,  4923521.04333444
 0, -7706936.9340195,  4909676.13815622
 0, -7706970.40023162,  4909065.45238862
 0, -7708751.74397725,  4905411.69755333
 0, -7711983.21895353,  4900160.45928613
 0, -7717993.72078004,  4891126.76136452
 0, -7719555.06621579,  4887045.34706071
 0, -7719838.95692893,  4885657.14678634
 0, -7719406.89694507,  4885456.6836018
 0, -7719589.19647005,  4882725.87970656
 0, -7720497.39504323,  4880939.99982003
 0, -7720016.4409018,  4879617.82170512
 0, -7719176.2820175,  4878850.20100982
 0, -7717469.65582973,  4878551.64900669
 0, -7720568.45142562,  4876595.63737153
 0, -7720214.39763094,  4876033.14541129
 0, -7719676.04428998,  4875177.66465067
 0, -7712849.30945664,  4874264.15651685
 0, -7704071.47115466,  4872684.46656283
 0, -7703102.03227731,  4872164.82402833
 0, -7703425.35499278,  4869355.94736306
 0, -7705848.12138473,  4868318.15271006
 0, -7705870.70746378,  4868148.86608866
 0, -7704029.98708467,  4868176.54199468
 0, -7696201.21929312,  4870844.73941066
 0, -7686526.75864102,  4877925.85970906
 0, -7683581.95314517,  4880234.96346935
 0, -7672649.14021003,  4881861.71817415
 0, -7665942.30142939,  4884860.39295321
 0, -7664287.37046305,  4885328.85573404
 0, -7657632.45019338,  4886413.40528352
 0, -7655996.13929674,  4886961.34087138
 0, -7656919.61827328,  4887765.20430194
 0, -7646630.67924327,  4889651.83503579
 0, -7639234.30757496,  4889098.26310175
 0, -7638373.24505243,  4889358.9215661
 0, -7632324.18764062,  4891190.09980241
 0, -7631770.82173339,  4891571.72066289
 0, -7631108.06274263,  4893535.60658482
 0, -7630073.12462605,  4900088.99648798
 0, -7629780.36860241,  4904589.04906376
 0, -7630090.77282015,  4911426.29679016
 0, -7628625.79782354,  4912342.80492451
 0, -7629254.9136932,  4913730.59462763
 0, -7630708.50161452,  4914240.91550094
 0, -7630339.29513864,  4916016.33594504
 0, -7630289.53624153,  4916255.64435305
 0, -7629137.39139894,  4918413.25411044
 0, -7629067.01713374,  4918545.04919343
 0, -7627739.69936212,  4919461.62884915
 0, -7626726.69374757,  4919249.23648478
 0, -7624935.16339055,  4919399.30865257
 0, -7621032.85919729,  4922129.60887117
 0, -7621083.1053176,  4924285.24571813
 0, -7621685.78645413,  4925270.48656206
 0, -7622225.14335778,  4926152.1779791
 0, -7622721.43362829,  4927671.37141652
 0, -7623703.74263112,  4932542.37814898
 0, -7624476.3079822,  4933359.80933131
 0, -7625372.91376436,  4933402.1195813
 0, -7626364.84853134,  4932984.39948426
 0, -7627832.56849539,  4935824.66183549
 0, -7628452.0767421,  4938890.64510443
 0, -7627335.58161412,  4940195.62292015
 0, -7627365.66408824,  4941276.01283831
 0, -7627728.57155838,  4941699.27853256
 0, -7629685.33714403,  4942679.48533978
 0, -7630864.94033206,  4943847.78712078
 0, -7631548.30699776,  4945014.54554882
 0, -7630449.6108447,  4947969.45231722
 0, -7630500.8904954,  4948290.69271795
 0, -7631213.2304159,  4948700.40472933
 0, -7629372.26072633,  4953987.81066567
 0, -7629802.97189154,  4960010.04362533
 0, -7632069.71764922,  4961696.06006037
 0, -7633110.89521457,  4962047.72722415
 0, -7635167.92137172,  4961882.42629062
 0, -7636441.37242764,  4961259.0770547
 0, -7637143.03123357,  4961610.93627169
 0, -7637360.73862229,  4962038.79873845
 0, -7636717.16889937,  4963589.74385689
 0, -7634427.26089573,  4966166.53285377
 0, -7633521.34550536,  4968323.19185368
 0, -7633066.96952476,  4973035.15454536
 0, -7634419.28080617,  4976846.50075563
 0, -7635702.08769842,  4979275.67955955
 0, -7636444.2978804,  4979862.62403612
 0, -7633087.93553966,  4984927.22356899
 0, -7629209.87152376,  4988975.44410051
 0, -7626991.03437039,  4990668.17848274
 0, -7623873.72666005,  4996229.67116466
 0, -7623414.20617177,  4998314.2077073
 0, -7623436.87697688,  5001648.94710423
 0, -7622364.22406179,  5003779.09270178
 0, -7618309.06761373,  5007164.77814553
 0, -7617180.7068553,  5009350.80078662
 0, -7616930.19659495,  5010847.87649215
 0, -7617597.07813971,  5014221.49925789
 0, -7621376.24901704,  5021161.3786056
 0, -7621640.63161446,  5022601.82349279
 0, -7615235.44531375,  5020858.946462
 0, -7613329.07660698,  5020354.22914796
 0, -7610235.24514554,  5020372.74332479
 0, -7607757.39965766,  5019505.78408534
 0, -7606725.67226081,  5019001.07959441
 0, -7603954.77544383,  5017987.41570227
 0, -7600249.07058461,  5017171.462493
 0, -7597377.14055546,  5016338.10089105
 0, -7592653.82392697,  5014531.27551753
 0, -7590509.1182581,  5013895.24263325
 0, -7580544.92678045,  5010578.24808105
 0, -7569521.37512101,  5006439.16564705
 0, -7566533.91443417,  5004874.16040466
 0, -7564583.80160071,  5003994.96004339
 0, -7560324.25897075,  5002603.01633921
 0, -7554225.17533969,  5000064.3771893
 0, -7551377.23119545,  4998766.50406852
 0, -7545721.89492195,  4995892.10237492
 0, -7537600.63765372,  4991859.41548224
 0, -7536821.10576931,  4991534.78927599
 0, -7527190.40894498,  4986528.34840543
 0, -7517033.11954734,  4981070.70892417
 0, -7509552.69019543,  4977832.56310318
 0, -7505293.26412182,  4975645.43556605
 0, -7504318.6973952,  4974954.08932917
 0, -7504719.99434721,  4974904.13751145
 0, -7504489.74716918,  4974712.27356734
 0, -7503169.35837513,  4974006.58774193
 0, -7500556.65502689,  4972902.89313841
 0, -7487289.55300963,  4962549.87595208
 0, -7485129.29236845,  4960270.54967222
 0, -7483052.67492712,  4958347.64214337
 0, -7480862.21142659,  4956594.23580585
 0, -7470529.31918157,  4946726.39169236
 0, -7468109.94335031,  4944415.92814903
 0, -7466507.36093223,  4942714.17187905
 0, -7453062.11474264,  4929645.38056198
 0, -7450180.58452214,  4926977.11428415
 0, -7447853.66720317,  4925007.65149042
 0, -7439900.18949392,  4916654.16955514
 0, -7431296.70160303,  4904109.19716269
 0, -7430459.15238669,  4902217.91593109
 0, -7423645.25827593,  4890723.63885706
 0, -7417704.17927651,  4882169.21227307
 0, -7416779.88321093,  4880379.11101545
 0, -7415864.11118315,  4877762.07271366
 0, -7408208.66326221,  4861651.71227601
 0, -7405953.71571527,  4856006.66606796
 0, -7402868.8480073,  4851337.42820547
 0, -7400519.78066304,  4846169.15294004
 0, -7399746.00240571,  4843278.79332225
 0, -7390251.18843713,  4823581.12792535
 0, -7389019.32519742,  4821652.10334942
 0, -7386673.94708203,  4819235.37878972
 0, -7384412.92380353,  4814972.97361026
 0, -7383820.14686549,  4813855.54288419
 0, -7381795.79435219,  4811127.7546436
 0, -7379970.36035708,  4807201.47783855
 0, -7378493.25703098,  4804804.60759382
 0, -7375489.33461776,  4802580.81808624
 0, -7372086.15073113,  4798594.70709321
 0, -7364222.68453516,  4790545.19254652
 0, -7363074.84056876,  4790209.39102686
 0, -7364417.49419469,  4779493.79940967
 0, -7364994.51796832,  4777885.76178128
 0, -7363627.63272083,  4771810.69586457
 0, -7350624.5130562,  4748453.81769485
 0, -7352058.20738726,  4733967.59431857
 0, -7352598.25065891,  4730425.78489052
 0, -7352912.04770916,  4729449.88143376
 0, -7357292.22142596,  4721227.68852644
 0, -7357720.77243039,  4720703.73590831
 0, -7359053.96097402,  4720369.88130498
 0, -7360494.57290126,  4721566.9329864
 0, -7364485.23063714,  4716132.04196701
 0, -7365034.71402249,  4715565.37079808
 0, -7365018.99972664,  4717077.46597052
 0, -7364605.40974808,  4718126.159771
 0, -7363954.73234631,  4718525.45144552
 0, -7363491.93477649,  4719785.78108301
 0, -7364843.14329813,  4721479.35813487
 0, -7364970.93993297,  4723995.93245322
 0, -7365604.16876696,  4726030.29129877
 0, -7366607.0818177,  4725621.96512319
 0, -7367415.78935894,  4726321.97848515
 0, -7367607.28798588,  4727368.60194725
 0, -7366712.0329681,  4728727.66168337
 0, -7365380.95700732,  4729198.4530042
 0, -7365292.48100148,  4730590.95394638
 0, -7365996.29857989,  4731516.36630122
 0, -7365987.28001928,  4731834.67465949
 0, -7364438.36737981,  4733417.03888888
 0, -7362580.6995653,  4732584.13279048
 0, -7361499.44043772,  4734279.62645621
 0, -7361180.77631684,  4735086.53967652
 0, -7360974.18142383,  4736383.37109926
 0, -7361092.60246145,  4737798.10724289
 0, -7361691.57958145,  4738966.72215991
 0, -7362048.6763509,  4739283.59552071
 0, -7363975.25001984,  4739660.55738264
 0, -7365156.94227808,  4740876.78706553
 0, -7366048.03408479,  4741287.08619329
 0, -7367247.78427551,  4741161.35229418
 0, -7367612.20950861,  4740247.70478695
 0, -7367744.47025105,  4740231.66314525
 0, -7369180.71406156,  4740057.46430667
 0, -7371194.53355215,  4738009.42771534
 0, -7372059.9686407,  4735865.6875286
 0, -7373222.81121764,  4735289.80149358
 0, -7374143.52780348,  4735685.62146217
 0, -7374517.70371409,  4735503.91718277
 0, -7375694.26065077,  4733468.29298503
 0, -7376115.87402587,  4731270.22744579
 0, -7375966.96016796,  4729773.63017965
 0, -7375310.52808755,  4728990.64359625
 0, -7373551.85263493,  4727940.317561
 0, -7373407.07744996,  4727175.00538991
 0, -7373480.58643382,  4726324.39969132
 0, -7373351.45573057,  4724853.43061519
 0, -7372767.07847096,  4723195.81734921
 0, -7372794.07219818,  4722172.90425387
 0, -7372949.82692431,  4721985.80689282
 0, -7373337.99001234,  4722690.08430571
 0, -7373945.66573684,  4723054.23709221
 0, -7375833.97773412,  4722926.7670932
 0, -7376842.46774951,  4722449.27436034
 0, -7377706.89634746,  4721327.49503127
 0, -7377940.36801872,  4720581.10785197
 0, -7378029.59928018,  4719555.73981274
 0, -7378630.93052629,  4718477.87861884
 0, -7378693.80526448,  4718310.89061714
 0, -7379689.10182161,  4715667.67892274
 0, -7380161.32688345,  4712267.61748793
 0, -7380101.11617034,  4707885.38019096
 0, -7378933.0251327,  4704843.18201126
 0, -7378913.35014694,  4704791.94339708
 0, -7379869.52723776,  4698332.70788208
 0, -7379985.87950249,  4696841.76951976
 0, -7380365.86975143,  4695504.50717766
 0, -7380682.84616946,  4694890.39245133
 0, -7381935.78803671,  4693740.24628216
 0, -7382223.54816273,  4693172.46954821
 0, -7382883.37488453,  4690892.92614012
 0, -7382459.9722018,  4689805.76405343
 0, -7385138.57215301,  4687824.03055242
 0, -7388031.12423775,  4685250.61776939
 0, -7391246.60785572,  4682813.3761399
 0, -7396732.92412702,  4676672.08954379
 0, -7398939.11565604,  4673056.52376981
 0, -7401900.78127257,  4666518.3278675
 0, -7402426.07888571,  4665155.55449232
 0, -7408571.75516988,  4649212.95671012
 0, -7408883.73117069,  4647956.77579324
 0, -7413487.99374385,  4629417.99740031
 0, -7415023.49465823,  4618662.41816209
 0, -7419735.50430178,  4605413.3374372
 0, -7422424.38614085,  4603891.6248313
 0, -7424543.69187853,  4600947.12006875
 0, -7428141.04237964,  4598637.26810668
 0, -7428737.37402914,  4597659.38969668
 0, -7428490.31207628,  4597615.77255968
 0, -7429318.97017595,  4595798.05046277
 0, -7432093.36461731,  4591316.98297008
 0, -7431966.02934109,  4591022.08872767
 0, -7431970.3836123,  4591006.11387531
 0, -7432495.13000999,  4589080.8643517
 0, -7434659.87124481,  4586394.5736497
 0, -7435291.16689875,  4585967.29737157
 0, -7438016.97142584,  4584989.5749939
 0, -7439182.76544514,  4583016.07943694
 0, -7441078.67774743,  4581209.6769383
 0, -7441932.59451604,  4581077.01150774
 0, -7442887.28782812,  4580469.46176391
 0, -7447552.76421376,  4576512.44060883
 0, -7450121.32320009,  4573537.34596454
 0, -7451181.04606129,  4571658.61897127
 0, -7454268.21169316,  4568714.37429408
 0, -7456182.48507404,  4569111.89367071
 0, -7457412.27949644,  4568821.65981639
 0, -7458594.91924992,  4568189.8614876
 0, -7461270.61919006,  4566160.42978763
 0, -7463973.87013424,  4563461.87324131
 0, -7467083.09245409,  4559454.78432501
 0, -7469414.12545374,  4555698.39626797
 0, -7471328.97733689,  4553431.11437938
 0, -7475276.02406057,  4550171.20838643
 0, -7476506.49982854,  4549406.98034794
 0, -7476381.61310944,  4551023.41854214
 0, -7478155.19109408,  4549882.84276882
 0, -7482240.81790654,  4545560.81347452
 0, -7485328.2596585,  4540123.7686349
 0, -7487055.75332033,  4537805.38057527
 0, -7488516.50855212,  4536465.30759978
 0, -7489330.90789122,  4535049.78315392
 0, -7489740.03829911,  4533976.5553486
 0, -7490715.96243383,  4529658.46579438
 0, -7490855.88734113,  4525701.57838559
 0, -7490517.29997274,  4521928.45650437
 0, -7490543.68684156,  4520015.53974087
 0, -7491826.0721488,  4518755.60089329
 0, -7493863.32321509,  4517411.24727645
 0, -7494150.91397307,  4516925.2216184
 0, -7499023.12930266,  4514784.2171575
 0, -7499251.69782417,  4514651.16613058
 0, -7499663.64624255,  4514463.64792568
 0, -7499762.97787575,  4514423.27220919
 0, -7508770.78927131,  4510320.45373228
 0, -7508805.19150525,  4510305.02583311
 0, -7509726.98116481,  4509891.64346192
 0, -7509881.32554493,  4509828.90649957
 0, -7515616.9690094,  4508925.38362988
 0, -7516065.99481581,  4508895.21663621
 0, -7519998.44964228,  4508646.23126516
 0, -7522894.20577802,  4508480.76879433
 0, -7534538.65236477,  4507709.43322249
 0, -7552080.87241203,  4506547.44142518
 0, -7552103.5930079,  4506545.93643171
 0, -7626864.3957033,  4501999.99776139
 0, -7633067.67586414,  4501537.4561009
 0, -7633566.0188244,  4501482.49462037
 0, -7633585.94004053,  4501481.12260641
 0, -7640193.01420842,  4501026.0806692
 0, -7700496.36002493,  4498640.93522685
 0, -7700147.26320344,  4500762.78065079
 0, -7699761.33871069,  4503195.5363858
 0, -7699395.93242507,  4505499.20492416
 0, -7699257.24804446,  4506373.77591954
 0, -7699101.57454212,  4507401.33486126
 0, -7700447.64884289,  4510698.96663547
 0, -7701359.05279402,  4510755.34892867
 0, -7701368.67975088,  4510755.94448231
 0, -7716970.63133731,  4511885.17512038
 0, -7721102.29155313,  4512151.43339047
 0, -7721200.91844155,  4512180.42775434
 0, -7722653.44632079,  4512286.09310546
 0, -7722840.21199562,  4512269.92239475
 0, -7732276.24707551,  4513069.02112426
 0, -7732506.06098111,  4513121.18618065
 0, -7743826.3708937,  4513927.68759501
 0, -7744673.13601258,  4514000.14425873
 0, -7751817.03419392,  4514519.44763729
 0, -7755360.81098126,  4514810.81083825
 0, -7755380.67241816,  4514812.3942342
 0, -7760618.65693925,  4515229.97749708
 0, -7767305.40183314,  4515324.30553586
 0, -7767430.45465844,  4515310.05488639
 0, -7767559.19415774,  4515286.92303791
 0, -7770731.00911245,  4515332.36733402
 0, -7770744.61726186,  4515332.56349982
 0, -7771649.92841162,  4515489.19814129
 0, -7773077.10554853,  4515733.1409903
 0, -7774532.67999703,  4515950.98885124
 0, -7776355.46229776,  4516247.59046953
 0, -7779206.69097957,  4516699.38096071
 0, -7783431.12167274,  4517381.62645747
 0, -7789226.0204719,  4517087.0958504
 0, -7789798.24009193,  4517038.14663207
 0, -7799516.10880816,  4516217.85470372
 0, -7799798.74643147,  4516239.10324668
 0, -7810185.42097943,  4515341.43667557
 0, -7810285.2558043,  4515364.04238664
 0, -7811941.16590431,  4515201.15791041
 0, -7812223.05949485,  4515191.53817939
 0, -7813131.94953954,  4515141.79132414
 0, -7814876.22980281,  4514999.99797998
 0, -7815230.9088581,  4514967.44716739
 0, -7816283.02681958,  4514887.55666855
 0, -7823846.31366895,  4514313.25342404
 0, -7826819.5769782,  4514090.71229682
 0, -7826875.18258501,  4514086.2563914
 0, -7829749.50760379,  4513884.65312141
 0, -7831643.42561365,  4513716.5580677
 0, -7831646.69814074,  4513716.26761394
 0, -7841096.64509474,  4513086.91637115
 0, -7841439.57764508,  4513054.72238955
 0, -7843061.80699988,  4512953.84657765
 0, -7853152.60307097,  4512306.05497768
 0, -7853161.82781883,  4512305.35960874
 0, -7855077.04955169,  4512187.41978443
 0, -7863243.84235409,  4511764.26568745
 0, -7870346.20513643,  4511430.08973618
 0, -7870390.05365966,  4511423.31961794
 0, -7870662.90020583,  4511415.96556514
 0, -7880773.33077661,  4510677.80025363
 0, -7881733.57250533,  4510622.15214532
 0, -7881736.62905077,  4510622.00944184
 0, -7886215.27748162,  4510412.91107909
 0, -7912911.25154878,  4508692.961395
 0, -7914888.39909147,  4508550.36444214
 0, -7915444.62848567,  4508520.53513793
 0, -7928579.17725065,  4507816.15951294
 0, -7928705.05883644,  4507798.82058498
 0, -7928725.24776416,  4507797.80631429
 0, -7940557.86778335,  4507224.39469223
 0, -7940718.14713621,  4507214.31679986
 0, -7945449.07548002,  4505413.03986862
 0, -7945455.08715154,  4505403.90123361
 0, -7945518.04805455,  4505337.72719114
 0, -7945723.99020457,  4505121.2750132
 0, -7947111.94921567,  4503662.48306213
 0, -7947198.692136,  4503571.31331361
 0, -7945108.10341914,  4510796.23568127
 0, -7944014.23385969,  4519173.12527526
 0, -7943163.88460192,  4524669.21824842
 0, -7942395.58695807,  4534566.0298144
 0, -7943024.54405056,  4539315.88190465
 0, -7943986.60968522,  4543657.1592475
 0, -7945814.18102234,  4552662.85897255
 0, -7947637.27811876,  4566996.60051217
 0, -7948191.12568817,  4570342.71454439
 0, -7948652.03849823,  4572322.34058155
 0, -7948590.12882255,  4575628.31570591
 0, -7948869.82380041,  4587597.3217212
 0, -7949061.23118641,  4591502.19035927
 0, -7949452.77713657,  4596121.84544568
 0, -7949619.93507756,  4598093.36586352
 0, -7950169.99900514,  4607772.99047075
 0, -7948625.97921343,  4614845.57886537
 0, -7948164.74581899,  4618504.6335018
 0, -7948237.59957191,  4619138.42322946
 0, -7947872.48160931,  4620424.13347282
 0, -7947748.41204328,  4621052.65472455
 0, -7947236.29520957,  4623647.28435144
 0, -7946821.15385874,  4627277.89397877
 0, -7946701.76889546,  4632927.77615969
 0, -7946566.98844111,  4635336.45679736
 0, -7946292.96348565,  4637217.93347694
 0, -7946230.15184112,  4638316.14445325
 0, -7946680.86268999,  4642062.98612691
 0, -7946595.55127752,  4642788.03278059
 0, -7946143.74063204,  4644872.36931935
 0, -7945939.28596309,  4647332.65230023
 0, -7945917.88657068,  4647590.20021264
 0, -7945988.8990353,  4650103.41591231
 0, -7946233.6153585,  4652812.40936419
 0, -7946336.77901305,  4653954.4648601
 0, -7946397.2647242,  4654363.37788758
 0, -7946604.70828016,  4655765.85420391
 0, -7946961.9101231,  4660178.1337948
 0, -7947064.15201114,  4662540.70180731
 0, -7947398.7871641,  4664631.15230427
 0, -7947730.06440879,  4667755.79405935
 0, -7948703.64300579,  4673673.85006707
 0, -7949219.09787203,  4675946.67413522
 0, -7950053.11002718,  4678637.67376776
 0, -7950413.75174915,  4679158.92489399
 0, -7950496.84762384,  4680000.89585325
 0, -7950821.24670102,  4681349.91728207
 0, -7951973.35210405,  4683954.18282879
 0, -7952555.08765653,  4685269.40486862
 0, -7954835.68327399,  4689480.83607809
 0, -7959872.80612774,  4697906.45915392
 0, -7960662.09657821,  4699531.09228496
 0, -7962059.44069168,  4705264.35312506
 0, -7962736.04632631,  4708870.9570993
 0, -7963395.43247458,  4713055.86465657
 0, -7963716.58469131,  4715094.62315829
 0, -7964246.08816554,  4717435.74778872
 0, -7966525.84461696,  4722931.86532206
 0, -7967384.9885009,  4724029.17248416
 0, -7968461.16857066,  4725635.76578902
 0, -7969038.26327532,  4726706.70453387
 0, -7969391.41983729,  4727502.38715032
 0, -7969752.73527134,  4728505.9157413
 0, -7970014.87426258,  4729899.30158441
 0, -7969983.88786029,  4731474.85995295
 0, -7969787.43665348,  4733520.33702186
 0, -7969730.23125724,  4735163.20972252
 0, -7969916.8978395,  4737010.43905564
 0, -7970194.68331687,  4738301.60502927
 0, -7970800.35710656,  4740200.41045566
 0, -7970908.63159924,  4740439.03700923
 0, -7971581.26030603,  4741921.44689962
 0, -7972145.76775175,  4742938.44434649
 0, -7973631.1995793,  4745231.7400353
 0, -7974609.04806755,  4747189.26272663
 0, -7976816.30379782,  4750764.93864587
 0, -7976823.256056,  4750773.07479711
 0, -7977996.90926421,  4752146.64052737
 0, -7978348.72338249,  4752558.40065411
 0, -7978491.8693333,  4752725.94008174
 0, -7979806.03514126,  4754040.09052287
 0, -7980401.86049494,  4754745.4610722
 0, -7981091.00490395,  4755760.4728889
 0, -7981409.62517116,  4756471.68328229
 0, -7981501.88358105,  4757194.33732265
 0, -7981444.69375036,  4757791.9349361
 0, -7980466.16959606,  4760289.14439516
 0, -7980286.38049633,  4761373.05519453
 0, -7980275.51221178,  4762072.13089732
 0, -7980274.89931942,  4762111.59082682
 0, -7980396.44958736,  4764165.7293857
 0, -7980434.45934954,  4764491.71565365
 0, -7980585.51131687,  4765786.92591583
 0, -7980678.93816219,  4766587.80856379
 0, -7980643.79200202,  4768010.70122592
 0, -7980909.33737729,  4769577.83571834
 0, -7981260.55196215,  4771041.95559456
 0, -7981088.04110066,  4772097.91523122
 0, -7981346.81292975,  4773654.62526887
 0, -7981532.55597694,  4775441.38656437
 0, -7981562.15694933,  4778258.30022398
 0, -7982707.63843523,  4782266.03747236
 0, -7983197.10300572,  4783688.30910726
 0, -7983640.24774917,  4784651.9632624
 0, -7984298.28371317,  4785806.43289576
 0, -7985077.99892026,  4786981.32071441
 0, -7986073.50733398,  4788545.25238728
 0, -7986234.87193928,  4789090.92237631
 0, -7986833.09654083,  4790239.68523614
 0, -7987663.65765727,  4791729.38871441
 0, -7989203.69962658,  4794491.49709362
 0, -7990192.17831639,  4796070.2512203
 0, -7992141.67797977,  4798514.16067827
 0, -7993317.84737321,  4799771.90924834
 0, -7996680.70388149,  4803128.10402884
 0, -7997870.65753114,  4804485.39782386
 0, -7999236.73251173,  4806541.37452938
 0, -7999488.78064421,  4807006.39791011
 0, -7999670.07765895,  4807663.57940108
 0, -7999456.72851381,  4808351.23867154
 0, -7997906.60241921,  4809895.97879734
 0, -7997895.04193268,  4810616.40054458
 0, -7996277.93502738,  4810762.19008214
 0, -7995862.38339772,  4811101.17616712
 0, -7995822.75197188,  4812094.73473981
 0, -7996417.7957428,  4813624.92124909
 0, -7996966.41530786,  4814668.5366815
 0, -7997490.68899033,  4815431.40780228
 0, -7999097.63896393,  4817769.67156454
 0, -7999921.58312911,  4819283.39881213
 0, -8000765.71013189,  4820464.63860187
 0, -8002903.77233207,  4823153.0635107
 0, -8004182.34837857,  4824864.62357512
 0, -8004822.05514065,  4825854.08685178
 0, -8005267.68987522,  4826741.86429854
 0, -8005281.24221175,  4827247.53071162
 0, -8004736.13172285,  4827749.50062318
 0, -8003916.5111379,  4827039.30471839
 0, -8003230.98770594,  4826674.38256593
 0, -8002523.27119078,  4826431.21016717
 0, -8001870.39837017,  4826552.84163926
 0, -8001751.80254932,  4827146.61688963
 0, -8001994.92498795,  4827944.50093926
 0, -8002692.04317335,  4829272.43321013
 0, -8002848.32457122,  4829835.47359078
 0, -8002812.43527313,  4830333.38897867
 0, -8003233.98221254,  4831581.01256319
 0, -8003737.34640928,  4832504.47549011
 0, -8003718.28026363,  4832909.15290197
 0, -8003042.75828218,  4832932.86680463
 0, -8001898.56380645,  4832451.35975269
 0, -8001382.04705405,  4832101.62905506
 0, -7999991.76727468,  4830866.16737017
 0, -7999308.75863831,  4830529.53101851
 0, -7998616.01693852,  4830516.65820159
 0, -7998005.61137456,  4830780.26980205
 0, -7997497.29720392,  4831344.33881412
 0, -7997431.90828723,  4831749.34839816
 0, -7998104.08279224,  4834357.71484858
 0, -7998340.57340722,  4834823.17910215
 0, -7999361.67856162,  4836384.77741863
 0, -8000087.83612482,  4837701.44384647
 0, -8000223.61186176,  4838475.58442104
 0, -8001344.68740807,  4841006.49689737
 0, -8001389.75665573,  4841415.97526118
 0, -8000860.19391568,  4842433.34488175
 0, -8000979.20375146,  4843562.41161777
 0, -8001543.07332384,  4845183.86980113
 0, -8002222.61877039,  4846425.2661296
 0, -8002927.71187151,  4847431.6590905
 0, -8004251.48896546,  4850333.26912677
 0, -8005658.83065842,  4854432.6952704
 0, -8005303.41555824,  4854268.70595529
 0, -8005004.14389632,  4853948.73758643
 0, -8004643.86462398,  4853734.64442771
 0, -8004119.94874167,  4853834.44308455
 0, -8003979.23888905,  4854056.77157704
 0, -8004008.76158452,  4855343.80973724
 0, -8004451.0280412,  4856111.66173386
 0, -8004748.38282702,  4857143.70635414
 0, -8004307.61849484,  4857162.31338642
 0, -8002347.22737774,  4855300.31019915
 0, -8001694.30786226,  4854135.92867762
 0, -8001634.06717688,  4853736.54224057
 0, -8001798.1006355,  4853066.11147215
 0, -8001578.58917946,  4852212.19287443
 0, -8001457.78192125,  4852023.0823304
 0, -8001385.58748365,  4851866.57664457
 0, -8001347.0899989,  4851767.56654559
 0, -8001357.42939661,  4851723.32101876
 0, -8001404.23407705,  4851693.689107
 0, -8001479.93407379,  4851680.03676746
 0, -8001639.37308793,  4851798.15061549
 0, -8001803.97808498,  4851804.89519469
 0, -8002272.11593841,  4851474.80063688
 0, -8002359.40227431,  4851046.0120775
 0, -8001412.66066492,  4848909.68589209
 0, -8000252.35695848,  4847626.82822886
 0, -7996354.67700731,  4843849.02298386
 0, -7995779.79802647,  4843642.54169382
 0, -7994870.74032281,  4842832.00175809
 0, -7993800.63069788,  4841372.7284142
 0, -7993791.30497949,  4841124.48526945
 0, -7994079.59005556,  4841293.55237282
 0, -7994766.19359021,  4840871.08939443
 0, -7993565.07484962,  4839092.92902562
 0, -7993328.91999647,  4838218.12609355
 0, -7993289.86081906,  4837386.35591147
 0, -7991787.10178748,  4836220.19764659
 0, -7991713.70629153,  4836258.3240864
 0, -7990577.96526875,  4834783.68144027
 0, -7987561.83080716,  4830568.55603716
 0, -7988126.57092305,  4830165.8198443
 0, -7988166.92643057,  4829969.75078004
 0, -7986805.90286811,  4827173.16271997
 0, -7986618.43272739,  4826563.36655973
 0, -7986152.38328256,  4825694.39678585
 0, -7984719.2579744,  4823470.81194483
 0, -7983578.79711089,  4821926.26627353
 0, -7981864.6032764,  4820123.26805621
 0, -7980365.20531723,  4818305.11871124
 0, -7979603.99135192,  4817002.87523653
 0, -7979548.63907356,  4816960.03063733
 0, -7979145.07780223,  4816647.66235103
 0, -7978571.56125687,  4816343.33777604
 0, -7977718.59720681,  4816207.84665853
 0, -7977294.59308309,  4816323.65408597
 0, -7977242.43052848,  4816601.36110375
 0, -7978091.29744618,  4817952.9091626
 0, -7979218.10922271,  4820107.2207176
 0, -7981300.94705189,  4825243.39588244
 0, -7981348.84313897,  4826110.70085347
 0, -7982301.94778784,  4827589.84411738
 0, -7983311.68584426,  4827596.42855933
 0, -7983380.55435759,  4827321.80692135
 0, -7984035.23639679,  4827933.32003039
 0, -7984379.15209205,  4829947.55421547
 0, -7984694.66695575,  4830770.22867017
 0, -7986332.89944281,  4833894.502963
 0, -7986833.44817602,  4834469.77518054
 0, -7987255.55407651,  4835164.67183607
 0, -7987305.22860498,  4836835.78951858
 0, -7986729.12415617,  4837069.00683115
 0, -7985839.38013926,  4836135.97836742
 0, -7984274.76659323,  4834330.36987495
 0, -7984186.79128992,  4834110.99054091
 0, -7984437.2329503,  4834123.83945982
 0, -7984551.87460405,  4833491.73189368
 0, -7983078.43944359,  4831110.10533177
 0, -7981904.54091849,  4829387.48945176
 0, -7981334.81296615,  4828826.18307664
 0, -7979429.57408123,  4825571.77016685
 0, -7978991.35367302,  4824698.72457139
 0, -7978754.27984583,  4823968.59668244
 0, -7979023.61375789,  4823699.87784501
 0, -7979171.43195146,  4822621.66709663
 0, -7978821.29841547,  4821144.17077816
 0, -7978482.38750292,  4820400.56658853
 0, -7977205.85666716,  4818592.30370281
 0, -7976004.79888107,  4815913.34374568
 0, -7975479.02293864,  4815500.11487806
 0, -7974370.49114315,  4814991.51673874
 0, -7973592.08172654,  4814888.79061873
 0, -7973227.86905977,  4815060.71083878
 0, -7973560.83933608,  4816913.57900319
 0, -7973833.66145255,  4817348.50826412
 0, -7974432.67699703,  4818108.787844
 0, -7974959.0431685,  4818600.50495641
 0, -7975604.92037054,  4820103.72762534
 0, -7975291.16538495,  4821193.83669306
 0, -7975442.55993306,  4822139.79442205
 0, -7976010.4821034,  4823089.76417035
 0, -7976789.85977936,  4825307.30796891
 0, -7977494.5689489,  4827312.07035535
 0, -7978224.37597478,  4828509.71698
 0, -7978651.96120142,  4830117.62990396
 0, -7979582.99795641,  4831990.31433185
 0, -7983570.63948676,  4838437.90546584
 0, -7985063.4803094,  4840271.56096021
 0, -7986948.42476156,  4842893.56742003
 0, -7987479.01328944,  4843794.87945514
 0, -7987972.09159559,  4845118.6848019
 0, -7991292.94916851,  4849606.62833767
 0, -7992149.06243088,  4850440.07960367
 0, -7993462.21996577,  4851970.35771696
 0, -7996215.3409084,  4855509.55934936
 0, -7997047.44664434,  4856275.34396196
 0, -7998321.55167747,  4857965.23974315
 0, -8000273.37343514,  4860554.02869207
 0, -8002084.14443466,  4864010.65893003
 0, -8002296.63824563,  4865241.62894823
 0, -8002296.85376963,  4866437.95173872
 0, -8002520.43557814,  4867389.40899336
 0, -8002577.54521564,  4868419.55113552
 0, -8002317.53202835,  4868813.94784479
 0, -8001954.57032433,  4868628.88037254
 0, -8001451.88919883,  4868867.45030243
 0, -8001322.90078912,  4869322.86838927
 0, -8001447.18354515,  4869956.36793046
 0, -8001696.92186591,  4870463.0500858
 0, -8001656.00550526,  4871375.58346119
 0, -8001883.76053433,  4873202.530181
 0, -8001647.43639218,  4873639.14321612
 0, -8001120.03575421,  4873753.72472828
 0, -8000306.19917048,  4874915.84535078
 0, -7998265.05366447,  4874925.66798376
 0, -7996501.64510326,  4874934.16033983
 0, -7995879.0715358,  4874771.46712765
 0, -7995471.11088265,  4874817.91727359
 0, -7995446.04115619,  4875402.1740079
 0, -7993691.56572593,  4876704.93792448
 0, -7993233.66842551,  4878611.24661264
 0, -7993778.81766663,  4879546.3920148
 0, -7994271.0458424,  4880181.36640488
 0, -7994806.13182506,  4880357.23564672
 0, -7995245.20788487,  4880394.50338706
 0, -7997775.10119158,  4879765.22829605
 0, -7998009.76221222,  4879586.04670897
 0, -7997911.2104541,  4879509.10457602
 0, -7997420.06568729,  4879481.27724909
 0, -7997138.17868173,  4879556.46424739
 0, -7997119.01979205,  4879496.5441835
 0, -8000334.54249562,  4879117.00644462
 0, -8002571.60843954,  4879344.34309031
 0, -8004195.04387752,  4879575.02174105
 0, -8007333.18779811,  4880538.17341971
 0, -8008506.7221192,  4880950.9440106
 0, -8010240.82763233,  4881725.85293867
 0, -8010529.11296182,  4881915.00668419
 0, -8010854.2463842,  4882311.45497779
 0, -8010952.00861866,  4882976.63518255
 0, -8011351.00952668,  4883654.71498301
 0, -8011564.58142216,  4883895.86193112
 0, -8011832.95768835,  4884063.67565953
 0, -8011895.34982958,  4884544.56763841
 0, -8010870.12700947,  4885542.37489741
 0, -8010825.44145449,  4885796.22071994
 0, -8010872.80232257,  4886017.21685831
 0, -8011150.23063949,  4886324.70089048
 0, -8011121.08559801,  4887156.43234734
 0, -8011416.89735926,  4888220.33585348
 0, -8011916.53353484,  4888592.33175755
 0, -8012328.38487982,  4888756.7606322
 0, -8013094.02931765,  4888870.81195905
 0, -8015037.71453875,  4888847.86865806
 0, -8015887.99701352,  4888610.52814807
 0, -8016410.99631817,  4888602.82003494
 0, -8016648.67191031,  4888625.85011365
 0, -8016543.64377742,  4888807.20392306
 0, -8015921.63597533,  4888888.89895162
 0, -8013869.59869585,  4889699.00110251
 0, -8013215.99328437,  4889808.8130326
 0, -8012332.11607706,  4889817.47947269
 0, -8010871.55256157,  4890494.14258307
 0, -8009540.63284581,  4890657.81408824
 0, -8008374.58515354,  4891187.11387383
 0, -8008169.61618244,  4891315.12223426
 0, -8008056.58875928,  4891613.65200447
 0, -8008257.20800935,  4891968.2835662
 0, -8008658.20443811,  4892232.82354447
 0, -8009584.33380138,  4892304.19776876
 0, -8009718.89741537,  4892348.12510956
 0, -8009615.80740608,  4892722.08797188
 0, -8009453.8166807,  4892888.30727601
